Sample_Size,Query_Time
5000,0.015037298202514648
10000,0.04253387451171875
15000,0.08574700355529785
20000,0.15317821502685547
30000,0.13316607475280762
50000,0.1354372501373291
100000,0.18171024322509766
150000,0.09982442855834961
