Sample_Size,Query_Time
5000,0.00599980354309082
10000,0.025999784469604492
15000,0.02500009536743164
20000,0.08200287818908691
30000,0.05176806449890137
50000,0.04261350631713867
100000,0.0495762825012207
150000,0.10900187492370605
