Sample_Size,Sample_Index,Query_Time
5000,1,0.016608715057373047
10000,1,0.03144359588623047
15000,1,0.04663681983947754
20000,1,0.06900358200073242
30000,1,0.09549570083618164
50000,1,0.15640544891357422
100000,1,0.31186866760253906
150000,1,0.5029621124267578
