Sample_Size,Query_Time
5000,0.026999235153198242
10000,0.028000593185424805
15000,0.06268739700317383
20000,0.02399921417236328
30000,0.04764842987060547
50000,0.09605836868286133
100000,0.11602377891540527
150000,0.11771965026855469
